{"cameraMode":{"drawMode":0,"name":"Shaded","section":"Shading Mode"},"sceneLighting":true,"audioPlay":false,"sceneViewState":{"m_AlwaysRefresh":false,"showFog":true,"showSkybox":true,"showFlares":true,"showImageEffects":true,"showParticleSystems":true,"showVisualEffectGraphs":true,"m_FxEnabled":true},"in2DMode":false,"pivot":{"x":2.5218029022216799,"y":3.8163349628448488,"z":0.9717960357666016},"rotation":{"x":-0.028070619329810144,"y":-0.376686155796051,"z":0.011420798487961293,"w":-0.9258472919464111},"size":4.413566589355469,"orthographic":false}