{"cameraMode":{"drawMode":0,"name":"Shaded","section":"Shading Mode"},"sceneLighting":false,"audioPlay":false,"sceneViewState":{"m_AlwaysRefresh":false,"showFog":true,"showSkybox":false,"showFlares":true,"showImageEffects":true,"showParticleSystems":true,"showVisualEffectGraphs":true,"m_FxEnabled":true},"in2DMode":false,"pivot":{"x":0.5784504413604736,"y":-0.42527687549591067,"z":-0.2143823504447937},"rotation":{"x":0.07621578872203827,"y":-0.9232597947120667,"z":0.2495657205581665,"w":0.2819581925868988},"size":1.1224972009658814,"orthographic":false}